"milliseconds","nboids","nthreads","warmup iterations","timed iterations","neighbourhood radius","safety distance"
33,100,8,100,1000,75.000000,20.000000
81,100,8,100,2000,75.000000,20.000000
133,100,8,100,4000,75.000000,20.000000
276,100,8,100,8000,75.000000,20.000000
531,100,8,100,16000,75.000000,20.000000
