"milliseconds","nboids","nthreads","warmup iterations","timed iterations","neighbourhood radius","safety distance"
93,100,8,100,2000,75.000000,20.000000
719,100,8,100,20000,75.000000,20.000000
7858,100,8,100,200000,75.000000,20.000000
7,100,8,100,200,75.000000,20.000000
92,100,8,100,2000,75.000000,20.000000
66,100,8,100,2000,75.000000,20.000000
